 INSERT INTO users (id, name, age) VALUES 
 (1, 'Alana', 18),
 (2, 'Bibi', 15),
 (3, 'Cassey', 20),
 (4, 'Daniel', 25),
 (5, 'Erick', 30),
 (6, 'Fedreick', 27),
 (7, 'Greg', 26),
 (8, 'Hector', 30),
 (9, 'Inez', 19),
 (10, 'Jilian', 22),
 (11, 'Kimberly', 21),
 (12, 'Leon', 31),
 (13, 'Michael', 50),
 (14, 'Nathan', 45),
 (15, 'Oscar', 40),
 (16, 'Penelope', 35),
 (17, 'Robert', 65),
 (18, 'Stephanie', 24),
 (19, 'Tim', 30),
 (20, 'Ulysses', 75);

INSERT INTO projects (id, title, category, funding_goal, start_date, end_date) VALUES  
(1, 'Find My Phone Book', 'books', 400.00, '01-01-2020', '02-02/-2021'),
(2, 'Create New Feline Vaccine', 'vet science', 10000, '03-03-2020', '04-04-2021'),
(3, 'Learn To Code Book', 'books', 500.00, '05-05-2020', '06-06-2021'),
(4, 'Coffee Guide', 'books', 200.00,'07-07-2020', '08-07-2021'),
(5, 'Coffee Roast', 'workshop', 1000.00, '08-08-2020', '10-10-2021'),
(6, 'Kitten Guide', 'books', 1000.00, '09-09-2020', '12-12-2021'),
(7, 'Fitness', 'class', 100.00, '10-10-2020', '01-01-2021'),
(8, 'Cooking Dinner', 'workshop', 400.00, '11-11-2020', '02-02-2021'),
(9, 'Create New Vaccine for Tick Diseases', 'vet science', 1000.00, '12-12-2020', '03-03-2021'),
(10, 'Lifting Properly', 'workshop', 200.00, '01-01-2020', '04-04-2021');


INSERT INTO pledges (id, amount, user_id, project_id) VALUES
(1, 200.00, 1, 2),
(2, 400.00, 1, 3),
(3, 50.00, 1, 4),
(4, 30.00, 2, 3),
(5, 50.00, 3, 2),
(6, 100.00, 4, 4),
(7, 500.00, 5, 10),
(8, 200.00, 6, 7),
(9, 25.00, 7, 9),
(10, 75.00, 5, 7),
(11, 80.00, 5, 7),
(12, 100.00, 6, 4),
(13, 200.00, 6, 8),
(14, 400.00, 7, 10),
(15, 300.00, 7, 10),
(16, 30.00, 8, 4),
(17, 20.00, 8, 5),
(18, 10.00, 9, 5),
(19, 40.00, 9, 2),
(20, 50.00, 10, 1),
(21, 30.00, 10, 9),
(22, 50.00, 11, 8),
(23, 100.00, 11, 6),
(24, 300.00, 12, 7),
(25, 700.00, 12, 3),
(26, 90.00, 13, 1),
(27, 10.00, 13, 6),
(28, 30.00, 14, 8),
(29, 40.00, 14, 6),
(30, 100.00, 15, 3);